date,site_id,planned_units,actual_units,usable_units,disposed_units,unit_cost,loss_reason,staffing_shortfall_flag,supplier_delay_flag,temp_excursion_flag
2025-01-01,S001,1862,1921,1808,113,5.88,overproduction,0,0,0
2025-01-02,S001,1862,1817,1710,107,5.88,overproduction,0,0,0
2025-01-03,S001,1974,1961,1846,115,5.88,spoilage,0,0,0
2025-01-04,S001,1974,2038,1918,120,5.88,timing_mismatch,0,0,0
2025-01-05,S001,1862,1959,1844,115,5.88,overproduction,0,0,0
2025-01-06,S001,1862,1748,1616,132,5.88,damage,0,1,0
2025-01-07,S001,1862,1765,1661,104,5.88,spoilage,0,0,0
2025-01-08,S001,1862,1927,1814,113,5.88,spoilage,0,0,0
2025-01-09,S001,1862,1812,1673,139,5.88,overproduction,0,1,0
2025-01-10,S001,1974,2056,1892,164,5.88,timing_mismatch,1,0,0
2025-01-11,S001,1974,1896,1784,112,5.88,overproduction,0,0,0
2025-01-12,S001,1862,1810,1704,106,5.88,spoilage,0,0,0
2025-01-13,S001,1862,1851,1742,109,5.88,overproduction,0,0,0
2025-01-14,S001,1862,1714,1613,101,5.88,timing_mismatch,0,0,0
2025-01-15,S001,1862,2007,1889,118,5.88,damage,0,0,0
2025-01-16,S001,1862,1756,1653,103,5.88,timing_mismatch,0,0,0
2025-01-17,S001,1974,2002,1884,118,5.88,overproduction,0,0,0
2025-01-18,S001,1974,2002,1884,118,5.88,damage,0,0,0
2025-01-19,S001,1862,1882,1771,111,5.88,overproduction,0,0,0
2025-01-20,S001,1862,2025,1906,119,5.88,spoilage,0,0,0
2025-01-21,S001,1862,1708,1608,100,5.88,spoilage,0,0,0
2025-01-22,S001,1862,1897,1763,134,5.88,spoilage,1,0,0
2025-01-23,S001,1862,1624,1528,96,5.88,overproduction,0,0,0
2025-01-24,S001,1974,1957,1842,115,5.88,timing_mismatch,0,0,0
2025-01-25,S001,1974,1776,1672,104,5.88,damage,0,0,0
2025-01-26,S001,1862,1877,1767,110,5.88,overproduction,0,0,0
2025-01-27,S001,1862,1781,1621,160,5.88,damage,0,0,1
2025-01-28,S001,1862,1905,1793,112,5.88,spoilage,0,0,0
2025-01-29,S001,1862,1811,1704,107,5.88,spoilage,0,0,0
2025-01-30,S001,1862,1880,1769,111,5.88,timing_mismatch,0,0,0
2025-01-31,S001,1974,1925,1812,113,5.88,overproduction,0,0,0
2025-02-01,S001,1974,1829,1721,108,5.88,overproduction,0,0,0
2025-02-02,S001,1862,1819,1712,107,5.88,spoilage,0,0,0
2025-02-03,S001,1862,1934,1820,114,5.88,timing_mismatch,0,0,0
2025-02-04,S001,1862,2019,1852,167,5.88,spoilage,0,0,1
2025-02-05,S001,1862,1726,1624,102,5.88,overproduction,0,0,0
2025-02-06,S001,1862,1865,1755,110,5.88,overproduction,0,0,0
2025-02-07,S001,1974,2093,1970,123,5.88,damage,0,0,0
2025-02-08,S001,1974,1947,1832,115,5.88,spoilage,0,0,0
2025-02-09,S001,1862,1887,1776,111,5.88,timing_mismatch,0,0,0
2025-02-10,S001,1862,1699,1599,100,5.88,damage,0,0,0
2025-02-11,S001,1862,1789,1658,131,5.88,damage,1,0,0
2025-02-12,S001,1862,1803,1697,106,5.88,overproduction,0,0,0
2025-02-13,S001,1862,1698,1598,100,5.88,overproduction,0,0,0
2025-02-14,S001,1974,2318,2182,136,5.88,overproduction,0,0,0
2025-02-15,S001,1974,1857,1748,109,5.88,overproduction,0,0,0
2025-02-16,S001,1862,1847,1738,109,5.88,overproduction,0,0,0
2025-02-17,S001,1862,1630,1478,152,5.88,spoilage,1,1,0
2025-02-18,S001,1862,1897,1785,112,5.88,overproduction,0,0,0
2025-02-19,S001,1862,1905,1793,112,5.88,overproduction,0,0,0
2025-02-20,S001,1862,1995,1878,117,5.88,overproduction,0,0,0
2025-02-21,S001,1974,2028,1909,119,5.88,timing_mismatch,0,0,0
2025-02-22,S001,1974,1939,1825,114,5.88,overproduction,0,0,0
2025-02-23,S001,1862,1575,1482,93,5.88,overproduction,0,0,0
2025-02-24,S001,1862,1666,1568,98,5.88,spoilage,0,0,0
2025-02-25,S001,1862,1825,1718,107,5.88,overproduction,0,0,0
2025-02-26,S001,1862,1927,1814,113,5.88,spoilage,0,0,0
2025-02-27,S001,1862,1911,1799,112,5.88,timing_mismatch,0,0,0
2025-02-28,S001,1974,2091,1968,123,5.88,overproduction,0,0,0
2025-03-01,S001,1974,2113,1989,124,5.88,overproduction,0,0,0
2025-03-02,S001,1862,1855,1746,109,5.88,timing_mismatch,0,0,0
2025-03-03,S001,1862,1784,1679,105,5.88,timing_mismatch,0,0,0
2025-03-04,S001,1862,1897,1785,112,5.88,spoilage,0,0,0
2025-03-05,S001,1862,1870,1760,110,5.88,damage,0,0,0
2025-03-06,S001,1862,1928,1815,113,5.88,overproduction,0,0,0
2025-03-07,S001,1974,1906,1794,112,5.88,damage,0,0,0
2025-03-08,S001,1974,2006,1888,118,5.88,overproduction,0,0,0
2025-03-09,S001,1862,1974,1858,116,5.88,spoilage,0,0,0
2025-03-10,S001,1862,1770,1666,104,5.88,damage,0,0,0
2025-03-11,S001,1862,1958,1843,115,5.88,timing_mismatch,0,0,0
2025-03-12,S001,1862,1638,1542,96,5.88,spoilage,0,0,0
2025-03-13,S001,1862,1551,1441,110,5.88,spoilage,0,1,0
2025-03-14,S001,1974,1807,1701,106,5.88,timing_mismatch,0,0,0
2025-03-15,S001,1974,2057,1936,121,5.88,timing_mismatch,0,0,0
2025-03-16,S001,1862,1888,1777,111,5.88,overproduction,0,0,0
2025-03-17,S001,1862,1954,1839,115,5.88,timing_mismatch,0,0,0
2025-03-18,S001,1862,1783,1584,199,5.88,damage,0,1,1
2025-03-19,S001,1862,1884,1728,156,5.88,timing_mismatch,1,0,0
2025-03-20,S001,1862,1851,1696,155,5.88,damage,1,0,0
2025-03-21,S001,1974,1869,1759,110,5.88,overproduction,0,0,0
2025-03-22,S001,1974,2021,1902,119,5.88,damage,0,0,0
2025-03-23,S001,1862,1966,1827,139,5.88,overproduction,1,0,0
2025-03-24,S001,1862,1841,1733,108,5.88,spoilage,0,0,0
2025-03-25,S001,1862,1697,1597,100,5.88,damage,0,0,0
2025-03-26,S001,1862,1847,1738,109,5.88,spoilage,0,0,0
2025-03-27,S001,1862,1880,1769,111,5.88,overproduction,0,0,0
2025-03-28,S001,1974,2011,1893,118,5.88,spoilage,0,0,0
2025-03-29,S001,1974,1920,1807,113,5.88,spoilage,0,0,0
2025-03-30,S001,1862,1901,1789,112,5.88,damage,0,0,0
2025-03-31,S001,1862,1824,1717,107,5.88,spoilage,0,0,0
2025-01-01,S002,1075,1112,1074,38,8.67,spoilage,0,0,0
2025-01-02,S002,1075,1020,985,35,8.67,spoilage,0,0,0
2025-01-03,S002,1140,1165,1125,40,8.67,overproduction,0,0,0
2025-01-04,S002,1140,1015,980,35,8.67,overproduction,0,0,0
2025-01-05,S002,1075,1133,1094,39,8.67,damage,0,0,0
2025-01-06,S002,1075,1231,1189,42,8.67,damage,0,0,0
2025-01-07,S002,1075,1056,1020,36,8.67,damage,0,0,0
2025-01-08,S002,1075,1118,1065,53,8.67,timing_mismatch,1,0,0
2025-01-09,S002,1075,1161,1121,40,8.67,overproduction,0,0,0
2025-01-10,S002,1140,1149,1109,40,8.67,spoilage,0,0,0
2025-01-11,S002,1140,1109,1071,38,8.67,overproduction,0,0,0
2025-01-12,S002,1075,1149,1109,40,8.67,spoilage,0,0,0
2025-01-13,S002,1075,1091,1053,38,8.67,damage,0,0,0
2025-01-14,S002,1075,1010,975,35,8.67,spoilage,0,0,0
2025-01-15,S002,1075,1094,1056,38,8.67,timing_mismatch,0,0,0
2025-01-16,S002,1075,1008,973,35,8.67,overproduction,0,0,0
2025-01-17,S002,1140,1135,1096,39,8.67,timing_mismatch,0,0,0
2025-01-18,S002,1140,1191,1150,41,8.67,overproduction,0,0,0
2025-01-19,S002,1075,982,948,34,8.67,overproduction,0,0,0
2025-01-20,S002,1075,981,947,34,8.67,damage,0,0,0
2025-01-21,S002,1075,920,888,32,8.67,timing_mismatch,0,0,0
2025-01-22,S002,1075,1204,1163,41,8.67,spoilage,0,0,0
2025-01-23,S002,1075,996,962,34,8.67,overproduction,0,0,0
2025-01-24,S002,1140,1027,992,35,8.67,overproduction,0,0,0
2025-01-25,S002,1140,1157,1117,40,8.67,timing_mismatch,0,0,0
2025-01-26,S002,1075,1035,999,36,8.67,timing_mismatch,0,0,0
2025-01-27,S002,1075,966,912,54,8.67,overproduction,0,0,1
2025-01-28,S002,1075,1023,988,35,8.67,damage,0,0,0
2025-01-29,S002,1075,1050,1009,41,8.67,damage,0,1,0
2025-01-30,S002,1075,944,903,41,8.67,timing_mismatch,0,1,0
2025-01-31,S002,1140,1008,973,35,8.67,overproduction,0,0,0
2025-02-01,S002,1140,1180,1139,41,8.67,overproduction,0,0,0
2025-02-02,S002,1075,1086,1049,37,8.67,spoilage,0,0,0
2025-02-03,S002,1075,993,959,34,8.67,spoilage,0,0,0
2025-02-04,S002,1075,1064,1027,37,8.67,overproduction,0,0,0
2025-02-05,S002,1075,1019,930,89,8.67,spoilage,1,0,1
2025-02-06,S002,1075,1053,1017,36,8.67,timing_mismatch,0,0,0
2025-02-07,S002,1140,1104,1066,38,8.67,damage,0,0,0
2025-02-08,S002,1140,1050,1014,36,8.67,overproduction,0,0,0
2025-02-09,S002,1075,1102,1064,38,8.67,damage,0,0,0
2025-02-10,S002,1075,1156,1116,40,8.67,damage,0,0,0
2025-02-11,S002,1075,1044,1008,36,8.67,spoilage,0,0,0
2025-02-12,S002,1075,1095,1057,38,8.67,spoilage,0,0,0
2025-02-13,S002,1075,1025,974,51,8.67,overproduction,1,0,0
2025-02-14,S002,1140,1123,1084,39,8.67,overproduction,0,0,0
2025-02-15,S002,1140,1078,1041,37,8.67,overproduction,0,0,0
2025-02-16,S002,1075,1120,1030,90,8.67,overproduction,0,0,1
2025-02-17,S002,1075,1119,1080,39,8.67,damage,0,0,0
2025-02-18,S002,1075,928,896,32,8.67,spoilage,0,0,0
2025-02-19,S002,1075,1124,1085,39,8.67,overproduction,0,0,0
2025-02-20,S002,1075,1110,1072,38,8.67,overproduction,0,0,0
2025-02-21,S002,1140,1129,1074,55,8.67,overproduction,0,1,0
2025-02-22,S002,1140,1147,1108,39,8.67,timing_mismatch,0,0,0
2025-02-23,S002,1075,1017,982,35,8.67,overproduction,0,0,0
2025-02-24,S002,1075,1190,1149,41,8.67,overproduction,0,0,0
2025-02-25,S002,1075,1104,1066,38,8.67,overproduction,0,0,0
2025-02-26,S002,1075,1097,1059,38,8.67,overproduction,0,0,0
2025-02-27,S002,1075,1183,1113,70,8.67,spoilage,1,0,0
2025-02-28,S002,1140,1154,1114,40,8.67,damage,0,0,0
2025-03-01,S002,1140,1136,1097,39,8.67,overproduction,0,0,0
2025-03-02,S002,1075,1091,1053,38,8.67,timing_mismatch,0,0,0
2025-03-03,S002,1075,1027,992,35,8.67,spoilage,0,0,0
2025-03-04,S002,1075,1067,1030,37,8.67,spoilage,0,0,0
2025-03-05,S002,1075,1020,985,35,8.67,spoilage,0,0,0
2025-03-06,S002,1075,1146,1107,39,8.67,damage,0,0,0
2025-03-07,S002,1140,1126,1087,39,8.67,damage,0,0,0
2025-03-08,S002,1140,1161,1121,40,8.67,overproduction,0,0,0
2025-03-09,S002,1075,1044,1008,36,8.67,overproduction,0,0,0
2025-03-10,S002,1075,938,906,32,8.67,damage,0,0,0
2025-03-11,S002,1075,1153,1113,40,8.67,damage,0,0,0
2025-03-12,S002,1075,1051,1015,36,8.67,timing_mismatch,0,0,0
2025-03-13,S002,1075,1194,1153,41,8.67,overproduction,0,0,0
2025-03-14,S002,1140,1134,1095,39,8.67,overproduction,0,0,0
2025-03-15,S002,1140,1092,1054,38,8.67,damage,0,0,0
2025-03-16,S002,1075,1077,1040,37,8.67,overproduction,0,0,0
2025-03-17,S002,1075,950,917,33,8.67,timing_mismatch,0,0,0
2025-03-18,S002,1075,1080,1043,37,8.67,overproduction,0,0,0
2025-03-19,S002,1075,1037,1001,36,8.67,overproduction,0,0,0
2025-03-20,S002,1075,1079,1020,59,8.67,overproduction,1,0,0
2025-03-21,S002,1140,1138,1099,39,8.67,timing_mismatch,0,0,0
2025-03-22,S002,1140,1065,1028,37,8.67,overproduction,0,0,0
2025-03-23,S002,1075,965,932,33,8.67,damage,0,0,0
2025-03-24,S002,1075,1055,1019,36,8.67,timing_mismatch,0,0,0
2025-03-25,S002,1075,976,942,34,8.67,spoilage,0,0,0
2025-03-26,S002,1075,1035,999,36,8.67,overproduction,0,0,0
2025-03-27,S002,1075,1006,971,35,8.67,overproduction,0,0,0
2025-03-28,S002,1140,1208,1166,42,8.67,timing_mismatch,0,0,0
2025-03-29,S002,1140,1233,1191,42,8.67,overproduction,0,0,0
2025-03-30,S002,1075,1038,1002,36,8.67,spoilage,0,0,0
2025-03-31,S002,1075,1060,1024,36,8.67,overproduction,0,0,0
2025-01-01,S003,1404,1454,1370,84,3.54,overproduction,0,0,0
2025-01-02,S003,1404,1320,1225,95,3.54,damage,0,1,0
2025-01-03,S003,1488,1226,1155,71,3.54,timing_mismatch,0,0,0
2025-01-04,S003,1488,1531,1442,89,3.54,overproduction,0,0,0
2025-01-05,S003,1404,1593,1461,132,3.54,timing_mismatch,1,0,0
2025-01-06,S003,1404,1395,1314,81,3.54,overproduction,0,0,0
2025-01-07,S003,1404,1482,1396,86,3.54,overproduction,0,0,0
2025-01-08,S003,1404,1456,1371,85,3.54,overproduction,0,0,0
2025-01-09,S003,1404,1285,1210,75,3.54,spoilage,0,0,0
2025-01-10,S003,1488,1554,1464,90,3.54,timing_mismatch,0,0,0
2025-01-11,S003,1488,1461,1342,119,3.54,spoilage,1,0,0
2025-01-12,S003,1404,1395,1314,81,3.54,spoilage,0,0,0
2025-01-13,S003,1404,1473,1387,86,3.54,damage,0,0,0
2025-01-14,S003,1404,1404,1322,82,3.54,overproduction,0,0,0
2025-01-15,S003,1404,1436,1353,83,3.54,overproduction,0,0,0
2025-01-16,S003,1404,1316,1240,76,3.54,damage,0,0,0
2025-01-17,S003,1488,1543,1453,90,3.54,damage,0,0,0
2025-01-18,S003,1488,1300,1224,76,3.54,timing_mismatch,0,0,0
2025-01-19,S003,1404,1492,1405,87,3.54,timing_mismatch,0,0,0
2025-01-20,S003,1404,1360,1218,142,3.54,spoilage,0,0,1
2025-01-21,S003,1404,1324,1247,77,3.54,spoilage,0,0,0
2025-01-22,S003,1404,1332,1255,77,3.54,timing_mismatch,0,0,0
2025-01-23,S003,1404,1299,1224,75,3.54,damage,0,0,0
2025-01-24,S003,1488,1619,1525,94,3.54,damage,0,0,0
2025-01-25,S003,1488,1474,1388,86,3.54,overproduction,0,0,0
2025-01-26,S003,1404,1399,1318,81,3.54,overproduction,0,0,0
2025-01-27,S003,1404,1387,1306,81,3.54,overproduction,0,0,0
2025-01-28,S003,1404,1423,1340,83,3.54,spoilage,0,0,0
2025-01-29,S003,1404,1425,1342,83,3.54,overproduction,0,0,0
2025-01-30,S003,1404,1370,1290,80,3.54,overproduction,0,0,0
2025-01-31,S003,1488,1435,1352,83,3.54,spoilage,0,0,0
2025-02-01,S003,1488,1597,1504,93,3.54,overproduction,0,0,0
2025-02-02,S003,1404,1499,1412,87,3.54,spoilage,0,0,0
2025-02-03,S003,1404,1463,1339,124,3.54,timing_mismatch,1,0,0
2025-02-04,S003,1404,1381,1301,80,3.54,spoilage,0,0,0
2025-02-05,S003,1404,1500,1413,87,3.54,overproduction,0,0,0
2025-02-06,S003,1404,1404,1322,82,3.54,spoilage,0,0,0
2025-02-07,S003,1488,1554,1453,101,3.54,timing_mismatch,0,1,0
2025-02-08,S003,1488,1611,1517,94,3.54,overproduction,0,0,0
2025-02-09,S003,1404,1397,1316,81,3.54,damage,0,0,0
2025-02-10,S003,1404,1358,1279,79,3.54,damage,0,0,0
2025-02-11,S003,1404,1490,1403,87,3.54,timing_mismatch,0,0,0
2025-02-12,S003,1404,1357,1278,79,3.54,spoilage,0,0,0
2025-02-13,S003,1404,1198,1128,70,3.54,overproduction,0,0,0
2025-02-14,S003,1488,1353,1274,79,3.54,spoilage,0,0,0
2025-02-15,S003,1488,1451,1367,84,3.54,overproduction,0,0,0
2025-02-16,S003,1404,1320,1243,77,3.54,damage,0,0,0
2025-02-17,S003,1404,1435,1352,83,3.54,spoilage,0,0,0
2025-02-18,S003,1404,1457,1372,85,3.54,overproduction,0,0,0
2025-02-19,S003,1404,1456,1371,85,3.54,timing_mismatch,0,0,0
2025-02-20,S003,1404,1467,1382,85,3.54,overproduction,0,0,0
2025-02-21,S003,1488,1621,1527,94,3.54,overproduction,0,0,0
2025-02-22,S003,1488,1479,1393,86,3.54,timing_mismatch,0,0,0
2025-02-23,S003,1404,1596,1503,93,3.54,overproduction,0,0,0
2025-02-24,S003,1404,1344,1266,78,3.54,overproduction,0,0,0
2025-02-25,S003,1404,1303,1227,76,3.54,timing_mismatch,0,0,0
2025-02-26,S003,1404,1470,1385,85,3.54,overproduction,0,0,0
2025-02-27,S003,1404,1451,1367,84,3.54,timing_mismatch,0,0,0
2025-02-28,S003,1488,1496,1409,87,3.54,overproduction,0,0,0
2025-03-01,S003,1488,1543,1453,90,3.54,overproduction,0,0,0
2025-03-02,S003,1404,1359,1280,79,3.54,spoilage,0,0,0
2025-03-03,S003,1404,1390,1309,81,3.54,overproduction,0,0,0
2025-03-04,S003,1404,1429,1346,83,3.54,spoilage,0,0,0
2025-03-05,S003,1404,1551,1461,90,3.54,overproduction,0,0,0
2025-03-06,S003,1404,1366,1287,79,3.54,damage,0,0,0
2025-03-07,S003,1488,1546,1456,90,3.54,damage,0,0,0
2025-03-08,S003,1488,1521,1400,121,3.54,overproduction,1,0,0
2025-03-09,S003,1404,1386,1271,115,3.54,timing_mismatch,1,0,0
2025-03-10,S003,1404,1425,1300,125,3.54,damage,0,0,1
2025-03-11,S003,1404,1367,1288,79,3.54,damage,0,0,0
2025-03-12,S003,1404,1271,1197,74,3.54,timing_mismatch,0,0,0
2025-03-13,S003,1404,1228,1157,71,3.54,timing_mismatch,0,0,0
2025-03-14,S003,1488,1399,1318,81,3.54,spoilage,0,0,0
2025-03-15,S003,1488,1560,1469,91,3.54,timing_mismatch,0,0,0
2025-03-16,S003,1404,1387,1306,81,3.54,spoilage,0,0,0
2025-03-17,S003,1404,1357,1278,79,3.54,overproduction,0,0,0
2025-03-18,S003,1404,1337,1250,87,3.54,overproduction,0,1,0
2025-03-19,S003,1404,1427,1344,83,3.54,timing_mismatch,0,0,0
2025-03-20,S003,1404,1632,1537,95,3.54,damage,0,0,0
2025-03-21,S003,1488,1441,1286,155,3.54,timing_mismatch,0,0,1
2025-03-22,S003,1488,1478,1376,102,3.54,timing_mismatch,1,0,0
2025-03-23,S003,1404,1565,1474,91,3.54,overproduction,0,0,0
2025-03-24,S003,1404,1383,1303,80,3.54,spoilage,0,0,0
2025-03-25,S003,1404,1372,1271,101,3.54,timing_mismatch,1,0,0
2025-03-26,S003,1404,1276,1202,74,3.54,timing_mismatch,0,0,0
2025-03-27,S003,1404,1435,1352,83,3.54,spoilage,0,0,0
2025-03-28,S003,1488,1597,1504,93,3.54,spoilage,0,0,0
2025-03-29,S003,1488,1496,1409,87,3.54,overproduction,0,0,0
2025-03-30,S003,1404,1347,1239,108,3.54,overproduction,1,0,0
2025-03-31,S003,1404,1455,1370,85,3.54,spoilage,0,0,0
2025-01-01,S004,1730,1670,1469,201,12.27,timing_mismatch,1,0,0
2025-01-02,S004,1730,1687,1520,167,12.27,damage,0,0,0
2025-01-03,S004,1834,1740,1568,172,12.27,overproduction,0,0,0
2025-01-04,S004,1834,1810,1631,179,12.27,spoilage,0,0,0
2025-01-05,S004,1730,1635,1473,162,12.27,spoilage,0,0,0
2025-01-06,S004,1730,1702,1534,168,12.27,overproduction,0,0,0
2025-01-07,S004,1730,1721,1551,170,12.27,spoilage,0,0,0
2025-01-08,S004,1730,1661,1497,164,12.27,overproduction,0,0,0
2025-01-09,S004,1730,1760,1586,174,12.27,timing_mismatch,0,0,0
2025-01-10,S004,1834,1798,1620,178,12.27,timing_mismatch,0,0,0
2025-01-11,S004,1834,1821,1641,180,12.27,timing_mismatch,0,0,0
2025-01-12,S004,1730,1830,1649,181,12.27,timing_mismatch,0,0,0
2025-01-13,S004,1730,1734,1562,172,12.27,damage,0,0,0
2025-01-14,S004,1730,1741,1569,172,12.27,overproduction,0,0,0
2025-01-15,S004,1730,1713,1544,169,12.27,overproduction,0,0,0
2025-01-16,S004,1730,1777,1601,176,12.27,spoilage,0,0,0
2025-01-17,S004,1834,1745,1572,173,12.27,overproduction,0,0,0
2025-01-18,S004,1834,1766,1591,175,12.27,overproduction,0,0,0
2025-01-19,S004,1730,1615,1455,160,12.27,damage,0,0,0
2025-01-20,S004,1730,1671,1506,165,12.27,overproduction,0,0,0
2025-01-21,S004,1730,1782,1606,176,12.27,overproduction,0,0,0
2025-01-22,S004,1730,1737,1565,172,12.27,spoilage,0,0,0
2025-01-23,S004,1730,1752,1579,173,12.27,timing_mismatch,0,0,0
2025-01-24,S004,1834,1694,1526,168,12.27,damage,0,0,0
2025-01-25,S004,1834,1953,1760,193,12.27,overproduction,0,0,0
2025-01-26,S004,1730,1788,1573,215,12.27,damage,1,0,0
2025-01-27,S004,1730,1808,1629,179,12.27,timing_mismatch,0,0,0
2025-01-28,S004,1730,1817,1637,180,12.27,spoilage,0,0,0
2025-01-29,S004,1730,1545,1392,153,12.27,spoilage,0,0,0
2025-01-30,S004,1730,1655,1491,164,12.27,timing_mismatch,0,0,0
2025-01-31,S004,1834,1754,1581,173,12.27,overproduction,0,0,0
2025-02-01,S004,1834,1849,1666,183,12.27,damage,0,0,0
2025-02-02,S004,1730,1609,1450,159,12.27,overproduction,0,0,0
2025-02-03,S004,1730,1707,1538,169,12.27,damage,0,0,0
2025-02-04,S004,1730,1733,1562,171,12.27,spoilage,0,0,0
2025-02-05,S004,1730,1530,1369,161,12.27,spoilage,0,1,0
2025-02-06,S004,1730,1628,1467,161,12.27,spoilage,0,0,0
2025-02-07,S004,1834,1754,1581,173,12.27,timing_mismatch,0,0,0
2025-02-08,S004,1834,2008,1809,199,12.27,damage,0,0,0
2025-02-09,S004,1730,1582,1426,156,12.27,overproduction,0,0,0
2025-02-10,S004,1730,1707,1538,169,12.27,timing_mismatch,0,0,0
2025-02-11,S004,1730,1738,1566,172,12.27,timing_mismatch,0,0,0
2025-02-12,S004,1730,1764,1590,174,12.27,overproduction,0,0,0
2025-02-13,S004,1730,1852,1669,183,12.27,timing_mismatch,0,0,0
2025-02-14,S004,1834,1875,1690,185,12.27,timing_mismatch,0,0,0
2025-02-15,S004,1834,1832,1651,181,12.27,damage,0,0,0
2025-02-16,S004,1730,1731,1560,171,12.27,spoilage,0,0,0
2025-02-17,S004,1730,1682,1516,166,12.27,overproduction,0,0,0
2025-02-18,S004,1730,1851,1668,183,12.27,overproduction,0,0,0
2025-02-19,S004,1730,1786,1609,177,12.27,damage,0,0,0
2025-02-20,S004,1730,1547,1394,153,12.27,damage,0,0,0
2025-02-21,S004,1834,1823,1643,180,12.27,spoilage,0,0,0
2025-02-22,S004,1834,1834,1653,181,12.27,overproduction,0,0,0
2025-02-23,S004,1730,1744,1572,172,12.27,overproduction,0,0,0
2025-02-24,S004,1730,1768,1593,175,12.27,timing_mismatch,0,0,0
2025-02-25,S004,1730,1674,1475,199,12.27,overproduction,1,0,0
2025-02-26,S004,1730,1715,1462,253,12.27,overproduction,0,0,1
2025-02-27,S004,1730,1675,1509,166,12.27,overproduction,0,0,0
2025-02-28,S004,1834,1643,1480,163,12.27,overproduction,0,0,0
2025-03-01,S004,1834,1578,1422,156,12.27,spoilage,0,0,0
2025-03-02,S004,1730,1836,1654,182,12.27,timing_mismatch,0,0,0
2025-03-03,S004,1730,1718,1548,170,12.27,timing_mismatch,0,0,0
2025-03-04,S004,1730,1793,1616,177,12.27,overproduction,0,0,0
2025-03-05,S004,1730,1930,1739,191,12.27,overproduction,0,0,0
2025-03-06,S004,1730,1738,1566,172,12.27,damage,0,0,0
2025-03-07,S004,1834,1675,1509,166,12.27,spoilage,0,0,0
2025-03-08,S004,1834,1744,1572,172,12.27,overproduction,0,0,0
2025-03-09,S004,1730,1594,1436,158,12.27,damage,0,0,0
2025-03-10,S004,1730,1679,1513,166,12.27,overproduction,0,0,0
2025-03-11,S004,1730,1671,1506,165,12.27,overproduction,0,0,0
2025-03-12,S004,1730,1623,1462,161,12.27,overproduction,0,0,0
2025-03-13,S004,1730,1620,1460,160,12.27,spoilage,0,0,0
2025-03-14,S004,1834,1733,1562,171,12.27,damage,0,0,0
2025-03-15,S004,1834,1842,1660,182,12.27,spoilage,0,0,0
2025-03-16,S004,1730,1590,1433,157,12.27,spoilage,0,0,0
2025-03-17,S004,1730,1740,1568,172,12.27,spoilage,0,0,0
2025-03-18,S004,1730,1845,1663,182,12.27,spoilage,0,0,0
2025-03-19,S004,1730,1729,1558,171,12.27,spoilage,0,0,0
2025-03-20,S004,1730,1696,1486,210,12.27,timing_mismatch,0,0,1
2025-03-21,S004,1834,1801,1623,178,12.27,spoilage,0,0,0
2025-03-22,S004,1834,1834,1653,181,12.27,damage,0,0,0
2025-03-23,S004,1730,1758,1584,174,12.27,overproduction,0,0,0
2025-03-24,S004,1730,1827,1646,181,12.27,spoilage,0,0,0
2025-03-25,S004,1730,1857,1673,184,12.27,spoilage,0,0,0
2025-03-26,S004,1730,1892,1705,187,12.27,timing_mismatch,0,0,0
2025-03-27,S004,1730,1614,1454,160,12.27,spoilage,0,0,0
2025-03-28,S004,1834,1806,1627,179,12.27,damage,0,0,0
2025-03-29,S004,1834,1931,1740,191,12.27,timing_mismatch,0,0,0
2025-03-30,S004,1730,1614,1454,160,12.27,overproduction,0,0,0
2025-03-31,S004,1730,1699,1531,168,12.27,overproduction,0,0,0
2025-01-01,S005,2111,1934,1814,120,2.81,spoilage,1,0,0
2025-01-02,S005,2111,2131,2010,121,2.81,timing_mismatch,1,0,0
2025-01-03,S005,2238,2163,2069,94,2.81,damage,0,0,0
2025-01-04,S005,2238,2336,2235,101,2.81,spoilage,0,0,0
2025-01-05,S005,2111,2291,2192,99,2.81,damage,0,0,0
2025-01-06,S005,2111,1976,1840,136,2.81,timing_mismatch,1,0,0
2025-01-07,S005,2111,1967,1882,85,2.81,overproduction,0,0,0
2025-01-08,S005,2111,2168,2045,123,2.81,timing_mismatch,1,0,0
2025-01-09,S005,2111,2095,2004,91,2.81,timing_mismatch,0,0,0
2025-01-10,S005,2238,1921,1800,121,2.81,damage,0,1,0
2025-01-11,S005,2238,1829,1716,113,2.81,damage,1,0,0
2025-01-12,S005,2111,2241,2144,97,2.81,timing_mismatch,0,0,0
2025-01-13,S005,2111,2037,1949,88,2.81,damage,0,0,0
2025-01-14,S005,2111,2060,1971,89,2.81,timing_mismatch,0,0,0
2025-01-15,S005,2111,2107,2016,91,2.81,timing_mismatch,0,0,0
2025-01-16,S005,2111,2123,2031,92,2.81,damage,0,0,0
2025-01-17,S005,2238,2137,2045,92,2.81,overproduction,0,0,0
2025-01-18,S005,2238,2271,2135,136,2.81,timing_mismatch,1,0,0
2025-01-19,S005,2111,1959,1874,85,2.81,damage,0,0,0
2025-01-20,S005,2111,2077,1987,90,2.81,overproduction,0,0,0
2025-01-21,S005,2111,1929,1824,105,2.81,damage,0,1,0
2025-01-22,S005,2111,1739,1652,87,2.81,overproduction,0,1,0
2025-01-23,S005,2111,2040,1952,88,2.81,overproduction,0,0,0
2025-01-24,S005,2238,2265,2098,167,2.81,spoilage,0,0,1
2025-01-25,S005,2238,2269,2171,98,2.81,damage,0,0,0
2025-01-26,S005,2111,2099,2008,91,2.81,timing_mismatch,0,0,0
2025-01-27,S005,2111,2039,1930,109,2.81,timing_mismatch,0,1,0
2025-01-28,S005,2111,2190,2052,138,2.81,timing_mismatch,1,0,0
2025-01-29,S005,2111,2312,2212,100,2.81,overproduction,0,0,0
2025-01-30,S005,2111,2171,2077,94,2.81,spoilage,0,0,0
2025-01-31,S005,2238,2059,1970,89,2.81,spoilage,0,0,0
2025-02-01,S005,2238,2174,2080,94,2.81,timing_mismatch,0,0,0
2025-02-02,S005,2111,2125,1978,147,2.81,spoilage,0,0,1
2025-02-03,S005,2111,2228,2132,96,2.81,overproduction,0,0,0
2025-02-04,S005,2111,1985,1899,86,2.81,spoilage,0,0,0
2025-02-05,S005,2111,2208,2112,96,2.81,spoilage,0,0,0
2025-02-06,S005,2111,2118,2026,92,2.81,timing_mismatch,0,0,0
2025-02-07,S005,2238,2091,2001,90,2.81,timing_mismatch,0,0,0
2025-02-08,S005,2238,2197,2102,95,2.81,overproduction,0,0,0
2025-02-09,S005,2111,1975,1876,99,2.81,overproduction,0,1,0
2025-02-10,S005,2111,1787,1690,97,2.81,spoilage,0,1,0
2025-02-11,S005,2111,1965,1796,169,2.81,timing_mismatch,0,0,1
2025-02-12,S005,2111,2031,1943,88,2.81,damage,0,0,0
2025-02-13,S005,2111,2215,2119,96,2.81,damage,0,0,0
2025-02-14,S005,2238,1995,1909,86,2.81,timing_mismatch,0,0,0
2025-02-15,S005,2238,2342,2241,101,2.81,damage,0,0,0
2025-02-16,S005,2111,2010,1923,87,2.81,overproduction,0,0,0
2025-02-17,S005,2111,1973,1865,108,2.81,timing_mismatch,0,1,0
2025-02-18,S005,2111,2181,2087,94,2.81,spoilage,0,0,0
2025-02-19,S005,2111,2135,2043,92,2.81,overproduction,0,0,0
2025-02-20,S005,2111,2123,2031,92,2.81,timing_mismatch,0,0,0
2025-02-21,S005,2238,2191,2096,95,2.81,spoilage,0,0,0
2025-02-22,S005,2238,2225,2129,96,2.81,timing_mismatch,0,0,0
2025-02-23,S005,2111,2023,1935,88,2.81,spoilage,0,0,0
2025-02-24,S005,2111,2103,2012,91,2.81,damage,0,0,0
2025-02-25,S005,2111,2187,2092,95,2.81,overproduction,0,0,0
2025-02-26,S005,2111,2045,1957,88,2.81,overproduction,0,0,0
2025-02-27,S005,2111,2191,2096,95,2.81,timing_mismatch,0,0,0
2025-02-28,S005,2238,2139,2046,93,2.81,overproduction,0,0,0
2025-03-01,S005,2238,2075,1985,90,2.81,timing_mismatch,0,0,0
2025-03-02,S005,2111,2187,2092,95,2.81,damage,0,0,0
2025-03-03,S005,2111,1984,1898,86,2.81,damage,0,0,0
2025-03-04,S005,2111,2366,2264,102,2.81,spoilage,0,0,0
2025-03-05,S005,2111,2116,2024,92,2.81,overproduction,0,0,0
2025-03-06,S005,2111,2084,1994,90,2.81,overproduction,0,0,0
2025-03-07,S005,2238,2319,2219,100,2.81,timing_mismatch,0,0,0
2025-03-08,S005,2238,2320,2220,100,2.81,spoilage,0,0,0
2025-03-09,S005,2111,2336,2235,101,2.81,spoilage,0,0,0
2025-03-10,S005,2111,2029,1941,88,2.81,timing_mismatch,0,0,0
2025-03-11,S005,2111,2010,1923,87,2.81,timing_mismatch,0,0,0
2025-03-12,S005,2111,2388,2230,158,2.81,spoilage,1,0,0
2025-03-13,S005,2111,1994,1908,86,2.81,overproduction,0,0,0
2025-03-14,S005,2238,2197,2102,95,2.81,timing_mismatch,0,0,0
2025-03-15,S005,2238,2304,2204,100,2.81,overproduction,0,0,0
2025-03-16,S005,2111,2013,1816,197,2.81,spoilage,0,1,1
2025-03-17,S005,2111,2142,2049,93,2.81,spoilage,0,0,0
2025-03-18,S005,2111,2129,2037,92,2.81,overproduction,0,0,0
2025-03-19,S005,2111,2084,1994,90,2.81,spoilage,0,0,0
2025-03-20,S005,2111,2074,1966,108,2.81,timing_mismatch,0,1,0
2025-03-21,S005,2238,1972,1887,85,2.81,spoilage,0,0,0
2025-03-22,S005,2238,2300,2200,100,2.81,damage,0,0,0
2025-03-23,S005,2111,1911,1828,83,2.81,overproduction,0,0,0
2025-03-24,S005,2111,2259,2136,123,2.81,timing_mismatch,1,0,0
2025-03-25,S005,2111,2049,1867,182,2.81,overproduction,0,0,1
2025-03-26,S005,2111,2356,2254,102,2.81,spoilage,0,0,0
2025-03-27,S005,2111,2146,2053,93,2.81,spoilage,0,0,0
2025-03-28,S005,2238,2199,2104,95,2.81,spoilage,0,0,0
2025-03-29,S005,2238,2407,2303,104,2.81,overproduction,0,0,0
2025-03-30,S005,2111,1830,1751,79,2.81,damage,0,0,0
2025-03-31,S005,2111,1914,1831,83,2.81,overproduction,0,0,0
2025-01-01,S006,1599,1534,1431,103,2.73,spoilage,0,1,0
2025-01-02,S006,1599,1582,1480,102,2.73,overproduction,1,0,0
2025-01-03,S006,1695,1691,1606,85,2.73,timing_mismatch,0,0,0
2025-01-04,S006,1695,1728,1641,87,2.73,overproduction,0,0,0
2025-01-05,S006,1599,1565,1486,79,2.73,spoilage,0,0,0
2025-01-06,S006,1599,1562,1483,79,2.73,overproduction,0,0,0
2025-01-07,S006,1599,1588,1508,80,2.73,overproduction,0,0,0
2025-01-08,S006,1599,1532,1455,77,2.73,damage,0,0,0
2025-01-09,S006,1599,1452,1379,73,2.73,overproduction,0,0,0
2025-01-10,S006,1695,1763,1674,89,2.73,spoilage,0,0,0
2025-01-11,S006,1695,1526,1449,77,2.73,spoilage,0,0,0
2025-01-12,S006,1599,1581,1501,80,2.73,spoilage,0,0,0
2025-01-13,S006,1599,1626,1544,82,2.73,damage,0,0,0
2025-01-14,S006,1599,1441,1368,73,2.73,overproduction,0,0,0
2025-01-15,S006,1599,1513,1437,76,2.73,spoilage,0,0,0
2025-01-16,S006,1599,1729,1642,87,2.73,spoilage,0,0,0
2025-01-17,S006,1695,1506,1430,76,2.73,spoilage,0,0,0
2025-01-18,S006,1695,1681,1564,117,2.73,damage,0,1,0
2025-01-19,S006,1599,1501,1425,76,2.73,overproduction,0,0,0
2025-01-20,S006,1599,1438,1365,73,2.73,timing_mismatch,0,0,0
2025-01-21,S006,1599,1467,1373,94,2.73,overproduction,0,1,0
2025-01-22,S006,1599,1555,1401,154,2.73,damage,0,0,1
2025-01-23,S006,1599,1380,1290,90,2.73,damage,0,1,0
2025-01-24,S006,1695,1567,1488,79,2.73,timing_mismatch,0,0,0
2025-01-25,S006,1695,1616,1534,82,2.73,overproduction,0,0,0
2025-01-26,S006,1599,1555,1476,79,2.73,overproduction,0,0,0
2025-01-27,S006,1599,1602,1521,81,2.73,damage,0,0,0
2025-01-28,S006,1599,1773,1617,156,2.73,damage,0,0,1
2025-01-29,S006,1599,1480,1390,90,2.73,overproduction,0,1,0
2025-01-30,S006,1599,1532,1455,77,2.73,overproduction,0,0,0
2025-01-31,S006,1695,1683,1598,85,2.73,timing_mismatch,0,0,0
2025-02-01,S006,1695,1720,1575,145,2.73,overproduction,0,0,1
2025-02-02,S006,1599,1633,1551,82,2.73,damage,0,0,0
2025-02-03,S006,1599,1428,1348,80,2.73,damage,0,1,0
2025-02-04,S006,1599,1435,1363,72,2.73,damage,0,0,0
2025-02-05,S006,1599,1578,1498,80,2.73,timing_mismatch,0,0,0
2025-02-06,S006,1599,1563,1419,144,2.73,spoilage,1,0,1
2025-02-07,S006,1695,1677,1592,85,2.73,overproduction,0,0,0
2025-02-08,S006,1695,1757,1668,89,2.73,timing_mismatch,0,0,0
2025-02-09,S006,1599,1675,1590,85,2.73,damage,0,0,0
2025-02-10,S006,1599,1433,1327,106,2.73,spoilage,1,0,0
2025-02-11,S006,1599,1636,1553,83,2.73,overproduction,0,0,0
2025-02-12,S006,1599,1742,1654,88,2.73,timing_mismatch,0,0,0
2025-02-13,S006,1599,1708,1622,86,2.73,spoilage,0,0,0
2025-02-14,S006,1695,1743,1655,88,2.73,overproduction,0,0,0
2025-02-15,S006,1695,1688,1603,85,2.73,spoilage,0,0,0
2025-02-16,S006,1599,1731,1644,87,2.73,overproduction,0,0,0
2025-02-17,S006,1599,1643,1560,83,2.73,overproduction,0,0,0
2025-02-18,S006,1599,1659,1575,84,2.73,timing_mismatch,0,0,0
2025-02-19,S006,1599,1445,1372,73,2.73,spoilage,0,0,0
2025-02-20,S006,1599,1699,1613,86,2.73,overproduction,0,0,0
2025-02-21,S006,1695,1815,1723,92,2.73,spoilage,0,0,0
2025-02-22,S006,1695,1560,1481,79,2.73,spoilage,0,0,0
2025-02-23,S006,1599,1421,1349,72,2.73,spoilage,0,0,0
2025-02-24,S006,1599,1758,1669,89,2.73,overproduction,0,0,0
2025-02-25,S006,1599,1546,1468,78,2.73,overproduction,0,0,0
2025-02-26,S006,1599,1595,1514,81,2.73,spoilage,0,0,0
2025-02-27,S006,1599,1708,1622,86,2.73,timing_mismatch,0,0,0
2025-02-28,S006,1695,1673,1511,162,2.73,spoilage,0,0,1
2025-03-01,S006,1695,1598,1517,81,2.73,spoilage,0,0,0
2025-03-02,S006,1599,1627,1545,82,2.73,timing_mismatch,0,0,0
2025-03-03,S006,1599,1722,1635,87,2.73,overproduction,0,0,0
2025-03-04,S006,1599,1508,1379,129,2.73,damage,0,0,1
2025-03-05,S006,1599,1462,1388,74,2.73,damage,0,0,0
2025-03-06,S006,1599,1597,1516,81,2.73,overproduction,0,0,0
2025-03-07,S006,1695,1744,1656,88,2.73,overproduction,0,0,0
2025-03-08,S006,1695,1515,1439,76,2.73,timing_mismatch,0,0,0
2025-03-09,S006,1599,1533,1456,77,2.73,overproduction,0,0,0
2025-03-10,S006,1599,1722,1563,159,2.73,damage,0,0,1
2025-03-11,S006,1599,1733,1646,87,2.73,damage,0,0,0
2025-03-12,S006,1599,1516,1439,77,2.73,overproduction,0,0,0
2025-03-13,S006,1599,1619,1537,82,2.73,damage,0,0,0
2025-03-14,S006,1695,1683,1598,85,2.73,timing_mismatch,0,0,0
2025-03-15,S006,1695,1681,1562,119,2.73,overproduction,1,0,0
2025-03-16,S006,1599,1616,1534,82,2.73,overproduction,0,0,0
2025-03-17,S006,1599,1563,1484,79,2.73,timing_mismatch,0,0,0
2025-03-18,S006,1599,1487,1412,75,2.73,timing_mismatch,0,0,0
2025-03-19,S006,1599,1560,1481,79,2.73,damage,0,0,0
2025-03-20,S006,1599,1517,1440,77,2.73,spoilage,0,0,0
2025-03-21,S006,1695,1813,1721,92,2.73,overproduction,0,0,0
2025-03-22,S006,1695,1499,1415,84,2.73,damage,0,1,0
2025-03-23,S006,1599,1660,1576,84,2.73,overproduction,0,0,0
2025-03-24,S006,1599,1281,1201,80,2.73,overproduction,0,1,0
2025-03-25,S006,1599,1678,1593,85,2.73,spoilage,0,0,0
2025-03-26,S006,1599,1583,1503,80,2.73,overproduction,0,0,0
2025-03-27,S006,1599,1515,1425,90,2.73,overproduction,0,1,0
2025-03-28,S006,1695,1705,1619,86,2.73,overproduction,0,0,0
2025-03-29,S006,1695,1845,1752,93,2.73,damage,0,0,0
2025-03-30,S006,1599,1664,1580,84,2.73,spoilage,0,0,0
2025-03-31,S006,1599,1574,1495,79,2.73,overproduction,0,0,0
2025-01-01,S007,812,677,642,35,6.46,overproduction,0,1,0
2025-01-02,S007,812,786,753,33,6.46,overproduction,0,0,0
2025-01-03,S007,861,900,862,38,6.46,spoilage,0,0,0
2025-01-04,S007,861,757,720,37,6.46,timing_mismatch,0,1,0
2025-01-05,S007,812,767,735,32,6.46,timing_mismatch,0,0,0
2025-01-06,S007,812,807,773,34,6.46,timing_mismatch,0,0,0
2025-01-07,S007,812,804,770,34,6.46,timing_mismatch,0,0,0
2025-01-08,S007,812,761,719,42,6.46,damage,1,0,0
2025-01-09,S007,812,882,845,37,6.46,timing_mismatch,0,0,0
2025-01-10,S007,861,858,810,48,6.46,damage,1,0,0
2025-01-11,S007,861,821,772,49,6.46,damage,1,0,0
2025-01-12,S007,812,815,781,34,6.46,damage,0,0,0
2025-01-13,S007,812,720,690,30,6.46,overproduction,0,0,0
2025-01-14,S007,812,771,738,33,6.46,overproduction,0,0,0
2025-01-15,S007,812,868,831,37,6.46,timing_mismatch,0,0,0
2025-01-16,S007,812,793,759,34,6.46,spoilage,0,0,0
2025-01-17,S007,861,827,751,76,6.46,overproduction,0,0,1
2025-01-18,S007,861,903,865,38,6.46,overproduction,0,0,0
2025-01-19,S007,812,792,759,33,6.46,overproduction,0,0,0
2025-01-20,S007,812,838,803,35,6.46,damage,0,0,0
2025-01-21,S007,812,829,794,35,6.46,overproduction,0,0,0
2025-01-22,S007,812,856,820,36,6.46,spoilage,0,0,0
2025-01-23,S007,812,779,746,33,6.46,overproduction,0,0,0
2025-01-24,S007,861,845,809,36,6.46,overproduction,0,0,0
2025-01-25,S007,861,822,787,35,6.46,overproduction,0,0,0
2025-01-26,S007,812,775,742,33,6.46,overproduction,0,0,0
2025-01-27,S007,812,806,752,54,6.46,damage,1,0,0
2025-01-28,S007,812,755,723,32,6.46,overproduction,0,0,0
2025-01-29,S007,812,708,678,30,6.46,spoilage,0,0,0
2025-01-30,S007,812,907,869,38,6.46,damage,0,0,0
2025-01-31,S007,861,862,826,36,6.46,overproduction,0,0,0
2025-02-01,S007,861,859,823,36,6.46,overproduction,0,0,0
2025-02-02,S007,812,818,783,35,6.46,spoilage,0,0,0
2025-02-03,S007,812,806,772,34,6.46,timing_mismatch,0,0,0
2025-02-04,S007,812,802,768,34,6.46,damage,0,0,0
2025-02-05,S007,812,822,787,35,6.46,overproduction,0,0,0
2025-02-06,S007,812,891,853,38,6.46,timing_mismatch,0,0,0
2025-02-07,S007,861,798,764,34,6.46,damage,0,0,0
2025-02-08,S007,861,810,761,49,6.46,timing_mismatch,0,1,0
2025-02-09,S007,812,799,765,34,6.46,overproduction,0,0,0
2025-02-10,S007,812,818,783,35,6.46,overproduction,0,0,0
2025-02-11,S007,812,830,795,35,6.46,timing_mismatch,0,0,0
2025-02-12,S007,812,885,848,37,6.46,overproduction,0,0,0
2025-02-13,S007,812,785,752,33,6.46,timing_mismatch,0,0,0
2025-02-14,S007,861,856,820,36,6.46,damage,0,0,0
2025-02-15,S007,861,886,849,37,6.46,overproduction,0,0,0
2025-02-16,S007,812,873,836,37,6.46,damage,0,0,0
2025-02-17,S007,812,794,760,34,6.46,overproduction,0,0,0
2025-02-18,S007,812,861,825,36,6.46,overproduction,0,0,0
2025-02-19,S007,812,757,725,32,6.46,spoilage,0,0,0
2025-02-20,S007,812,869,832,37,6.46,damage,0,0,0
2025-02-21,S007,861,800,760,40,6.46,timing_mismatch,0,1,0
2025-02-22,S007,861,780,728,52,6.46,timing_mismatch,1,0,0
2025-02-23,S007,812,703,668,35,6.46,spoilage,0,1,0
2025-02-24,S007,812,752,693,59,6.46,timing_mismatch,1,1,0
2025-02-25,S007,812,774,741,33,6.46,overproduction,0,0,0
2025-02-26,S007,812,910,872,38,6.46,timing_mismatch,0,0,0
2025-02-27,S007,812,822,777,45,6.46,timing_mismatch,0,1,0
2025-02-28,S007,861,873,836,37,6.46,overproduction,0,0,0
2025-03-01,S007,861,900,862,38,6.46,overproduction,0,0,0
2025-03-02,S007,812,828,778,50,6.46,damage,1,0,0
2025-03-03,S007,812,810,776,34,6.46,timing_mismatch,0,0,0
2025-03-04,S007,812,779,746,33,6.46,overproduction,0,0,0
2025-03-05,S007,812,874,816,58,6.46,timing_mismatch,1,0,0
2025-03-06,S007,812,773,740,33,6.46,overproduction,0,0,0
2025-03-07,S007,861,904,866,38,6.46,damage,0,0,0
2025-03-08,S007,861,814,780,34,6.46,overproduction,0,0,0
2025-03-09,S007,812,942,902,40,6.46,spoilage,0,0,0
2025-03-10,S007,812,839,804,35,6.46,overproduction,0,0,0
2025-03-11,S007,812,769,736,33,6.46,timing_mismatch,0,0,0
2025-03-12,S007,812,846,810,36,6.46,timing_mismatch,0,0,0
2025-03-13,S007,812,854,818,36,6.46,overproduction,0,0,0
2025-03-14,S007,861,722,682,40,6.46,overproduction,0,1,0
2025-03-15,S007,861,843,793,50,6.46,overproduction,1,0,0
2025-03-16,S007,812,806,772,34,6.46,timing_mismatch,0,0,0
2025-03-17,S007,812,792,759,33,6.46,timing_mismatch,0,0,0
2025-03-18,S007,812,833,798,35,6.46,damage,0,0,0
2025-03-19,S007,812,785,734,51,6.46,damage,1,0,0
2025-03-20,S007,812,835,800,35,6.46,damage,0,0,0
2025-03-21,S007,861,935,895,40,6.46,damage,0,0,0
2025-03-22,S007,861,830,770,60,6.46,spoilage,0,0,1
2025-03-23,S007,812,741,710,31,6.46,overproduction,0,0,0
2025-03-24,S007,812,788,755,33,6.46,spoilage,0,0,0
2025-03-25,S007,812,756,724,32,6.46,overproduction,0,0,0
2025-03-26,S007,812,836,766,70,6.46,damage,0,0,1
2025-03-27,S007,812,868,831,37,6.46,spoilage,0,0,0
2025-03-28,S007,861,879,842,37,6.46,overproduction,0,0,0
2025-03-29,S007,861,867,830,37,6.46,overproduction,0,0,0
2025-03-30,S007,812,831,796,35,6.46,overproduction,0,0,0
2025-03-31,S007,812,865,828,37,6.46,damage,0,0,0
2025-01-01,S008,1261,1203,1148,55,2.59,spoilage,1,0,0
2025-01-02,S008,1261,1205,1175,30,2.59,spoilage,0,0,0
2025-01-03,S008,1337,1254,1223,31,2.59,damage,0,0,0
2025-01-04,S008,1337,1290,1258,32,2.59,timing_mismatch,0,0,0
2025-01-05,S008,1261,1272,1241,31,2.59,timing_mismatch,0,0,0
2025-01-06,S008,1261,1495,1458,37,2.59,timing_mismatch,0,0,0
2025-01-07,S008,1261,1227,1197,30,2.59,timing_mismatch,0,0,0
2025-01-08,S008,1261,1343,1310,33,2.59,timing_mismatch,0,0,0
2025-01-09,S008,1261,1320,1271,49,2.59,damage,1,0,0
2025-01-10,S008,1337,1360,1326,34,2.59,timing_mismatch,0,0,0
2025-01-11,S008,1337,1339,1306,33,2.59,spoilage,0,0,0
2025-01-12,S008,1261,1240,1209,31,2.59,overproduction,0,0,0
2025-01-13,S008,1261,1235,1205,30,2.59,overproduction,0,0,0
2025-01-14,S008,1261,1243,1212,31,2.59,spoilage,0,0,0
2025-01-15,S008,1261,1266,1235,31,2.59,timing_mismatch,0,0,0
2025-01-16,S008,1261,1056,1030,26,2.59,overproduction,0,0,0
2025-01-17,S008,1337,1350,1303,47,2.59,damage,1,0,0
2025-01-18,S008,1337,1234,1204,30,2.59,timing_mismatch,0,0,0
2025-01-19,S008,1261,1242,1211,31,2.59,timing_mismatch,0,0,0
2025-01-20,S008,1261,1215,1125,90,2.59,damage,0,0,1
2025-01-21,S008,1261,1286,1211,75,2.59,damage,0,0,1
2025-01-22,S008,1261,1223,1165,58,2.59,spoilage,1,0,0
2025-01-23,S008,1261,1182,1153,29,2.59,spoilage,0,0,0
2025-01-24,S008,1337,1188,1159,29,2.59,timing_mismatch,0,0,0
2025-01-25,S008,1337,1421,1386,35,2.59,timing_mismatch,0,0,0
2025-01-26,S008,1261,1233,1203,30,2.59,damage,0,0,0
2025-01-27,S008,1261,1258,1227,31,2.59,timing_mismatch,0,0,0
2025-01-28,S008,1261,1177,1148,29,2.59,damage,0,0,0
2025-01-29,S008,1261,1354,1321,33,2.59,overproduction,0,0,0
2025-01-30,S008,1261,1474,1438,36,2.59,timing_mismatch,0,0,0
2025-01-31,S008,1337,1401,1366,35,2.59,timing_mismatch,0,0,0
2025-02-01,S008,1337,1234,1204,30,2.59,overproduction,0,0,0
2025-02-02,S008,1261,1407,1372,35,2.59,overproduction,0,0,0
2025-02-03,S008,1261,1345,1312,33,2.59,overproduction,0,0,0
2025-02-04,S008,1261,1258,1227,31,2.59,spoilage,0,0,0
2025-02-05,S008,1261,1372,1338,34,2.59,spoilage,0,0,0
2025-02-06,S008,1261,1319,1286,33,2.59,timing_mismatch,0,0,0
2025-02-07,S008,1337,1376,1342,34,2.59,timing_mismatch,0,0,0
2025-02-08,S008,1337,1412,1377,35,2.59,overproduction,0,0,0
2025-02-09,S008,1261,1162,1133,29,2.59,timing_mismatch,0,0,0
2025-02-10,S008,1261,1262,1231,31,2.59,timing_mismatch,0,0,0
2025-02-11,S008,1261,1327,1294,33,2.59,spoilage,0,0,0
2025-02-12,S008,1261,1243,1212,31,2.59,overproduction,0,0,0
2025-02-13,S008,1261,1370,1336,34,2.59,overproduction,0,0,0
2025-02-14,S008,1337,1385,1351,34,2.59,spoilage,0,0,0
2025-02-15,S008,1337,1350,1317,33,2.59,spoilage,0,0,0
2025-02-16,S008,1261,1183,1154,29,2.59,timing_mismatch,0,0,0
2025-02-17,S008,1261,1186,1146,40,2.59,overproduction,0,1,0
2025-02-18,S008,1261,1264,1233,31,2.59,overproduction,0,0,0
2025-02-19,S008,1261,1290,1258,32,2.59,overproduction,0,0,0
2025-02-20,S008,1261,1247,1216,31,2.59,overproduction,0,0,0
2025-02-21,S008,1337,1412,1377,35,2.59,overproduction,0,0,0
2025-02-22,S008,1337,1365,1331,34,2.59,timing_mismatch,0,0,0
2025-02-23,S008,1261,1382,1348,34,2.59,timing_mismatch,0,0,0
2025-02-24,S008,1261,1171,1142,29,2.59,timing_mismatch,0,0,0
2025-02-25,S008,1261,1245,1214,31,2.59,overproduction,0,0,0
2025-02-26,S008,1261,1270,1239,31,2.59,overproduction,0,0,0
2025-02-27,S008,1261,1315,1283,32,2.59,overproduction,0,0,0
2025-02-28,S008,1337,1400,1365,35,2.59,overproduction,0,0,0
2025-03-01,S008,1337,1185,1156,29,2.59,timing_mismatch,0,0,0
2025-03-02,S008,1261,1310,1278,32,2.59,overproduction,0,0,0
2025-03-03,S008,1261,1415,1380,35,2.59,damage,0,0,0
2025-03-04,S008,1261,1257,1226,31,2.59,overproduction,0,0,0
2025-03-05,S008,1261,1450,1414,36,2.59,overproduction,0,0,0
2025-03-06,S008,1261,1334,1301,33,2.59,overproduction,0,0,0
2025-03-07,S008,1337,1402,1367,35,2.59,damage,0,0,0
2025-03-08,S008,1337,1389,1355,34,2.59,overproduction,0,0,0
2025-03-09,S008,1261,1186,1113,73,2.59,overproduction,1,1,0
2025-03-10,S008,1261,1214,1184,30,2.59,damage,0,0,0
2025-03-11,S008,1261,1265,1234,31,2.59,timing_mismatch,0,0,0
2025-03-12,S008,1261,1351,1318,33,2.59,spoilage,0,0,0
2025-03-13,S008,1261,1241,1210,31,2.59,timing_mismatch,0,0,0
2025-03-14,S008,1337,1471,1435,36,2.59,damage,0,0,0
2025-03-15,S008,1337,1451,1415,36,2.59,overproduction,0,0,0
2025-03-16,S008,1261,1280,1248,32,2.59,spoilage,0,0,0
2025-03-17,S008,1261,1243,1212,31,2.59,overproduction,0,0,0
2025-03-18,S008,1261,1291,1259,32,2.59,overproduction,0,0,0
2025-03-19,S008,1261,1262,1231,31,2.59,spoilage,0,0,0
2025-03-20,S008,1261,1301,1269,32,2.59,overproduction,0,0,0
2025-03-21,S008,1337,1253,1222,31,2.59,overproduction,0,0,0
2025-03-22,S008,1337,1382,1348,34,2.59,damage,0,0,0
2025-03-23,S008,1261,1169,1140,29,2.59,damage,0,0,0
2025-03-24,S008,1261,1255,1224,31,2.59,timing_mismatch,0,0,0
2025-03-25,S008,1261,1208,1178,30,2.59,spoilage,0,0,0
2025-03-26,S008,1261,1194,1165,29,2.59,damage,0,0,0
2025-03-27,S008,1261,1247,1170,77,2.59,spoilage,0,0,1
2025-03-28,S008,1337,1325,1292,33,2.59,overproduction,0,0,0
2025-03-29,S008,1337,1373,1339,34,2.59,overproduction,0,0,0
2025-03-30,S008,1261,1332,1299,33,2.59,spoilage,0,0,0
2025-03-31,S008,1261,1309,1277,32,2.59,overproduction,0,0,0
2025-01-01,S009,1350,1356,1217,139,6.64,spoilage,0,0,0
2025-01-02,S009,1350,1312,1156,156,6.64,timing_mismatch,1,0,0
2025-01-03,S009,1431,1400,1257,143,6.64,spoilage,0,0,0
2025-01-04,S009,1431,1407,1263,144,6.64,damage,0,0,0
2025-01-05,S009,1350,1310,1176,134,6.64,damage,0,0,0
2025-01-06,S009,1350,1382,1241,141,6.64,overproduction,0,0,0
2025-01-07,S009,1350,1398,1255,143,6.64,overproduction,0,0,0
2025-01-08,S009,1350,1425,1279,146,6.64,damage,0,0,0
2025-01-09,S009,1350,1394,1209,185,6.64,timing_mismatch,0,0,1
2025-01-10,S009,1431,1269,1139,130,6.64,spoilage,0,0,0
2025-01-11,S009,1431,1588,1425,163,6.64,timing_mismatch,0,0,0
2025-01-12,S009,1350,1203,1061,142,6.64,timing_mismatch,0,1,0
2025-01-13,S009,1350,1400,1257,143,6.64,timing_mismatch,0,0,0
2025-01-14,S009,1350,1324,1188,136,6.64,damage,0,0,0
2025-01-15,S009,1350,1137,1021,116,6.64,overproduction,0,0,0
2025-01-16,S009,1350,1372,1232,140,6.64,timing_mismatch,0,0,0
2025-01-17,S009,1431,1395,1252,143,6.64,timing_mismatch,0,0,0
2025-01-18,S009,1431,1405,1261,144,6.64,spoilage,0,0,0
2025-01-19,S009,1350,1323,1188,135,6.64,spoilage,0,0,0
2025-01-20,S009,1350,1259,1130,129,6.64,timing_mismatch,0,0,0
2025-01-21,S009,1350,1466,1316,150,6.64,spoilage,0,0,0
2025-01-22,S009,1350,1336,1199,137,6.64,spoilage,0,0,0
2025-01-23,S009,1350,1257,1110,147,6.64,damage,0,1,0
2025-01-24,S009,1431,1367,1227,140,6.64,damage,0,0,0
2025-01-25,S009,1431,1332,1196,136,6.64,timing_mismatch,0,0,0
2025-01-26,S009,1350,1408,1264,144,6.64,damage,0,0,0
2025-01-27,S009,1350,1384,1226,158,6.64,spoilage,1,0,0
2025-01-28,S009,1350,1310,1176,134,6.64,overproduction,0,0,0
2025-01-29,S009,1350,1259,1130,129,6.64,overproduction,0,0,0
2025-01-30,S009,1350,1464,1314,150,6.64,overproduction,0,0,0
2025-01-31,S009,1431,1210,1078,132,6.64,spoilage,0,1,0
2025-02-01,S009,1431,1340,1203,137,6.64,overproduction,0,0,0
2025-02-02,S009,1350,1298,1165,133,6.64,spoilage,0,0,0
2025-02-03,S009,1350,1331,1195,136,6.64,overproduction,0,0,0
2025-02-04,S009,1350,1266,1136,130,6.64,overproduction,0,0,0
2025-02-05,S009,1350,1243,1116,127,6.64,spoilage,0,0,0
2025-02-06,S009,1350,1368,1228,140,6.64,overproduction,0,0,0
2025-02-07,S009,1431,1392,1233,159,6.64,overproduction,0,1,0
2025-02-08,S009,1431,1340,1203,137,6.64,timing_mismatch,0,0,0
2025-02-09,S009,1350,1367,1227,140,6.64,spoilage,0,0,0
2025-02-10,S009,1350,1359,1220,139,6.64,spoilage,0,0,0
2025-02-11,S009,1350,1450,1302,148,6.64,overproduction,0,0,0
2025-02-12,S009,1350,1347,1209,138,6.64,timing_mismatch,0,0,0
2025-02-13,S009,1350,1352,1214,138,6.64,damage,0,0,0
2025-02-14,S009,1431,1360,1221,139,6.64,timing_mismatch,0,0,0
2025-02-15,S009,1431,1410,1266,144,6.64,timing_mismatch,0,0,0
2025-02-16,S009,1350,1266,1136,130,6.64,overproduction,0,0,0
2025-02-17,S009,1350,1296,1163,133,6.64,overproduction,0,0,0
2025-02-18,S009,1350,1413,1268,145,6.64,overproduction,0,0,0
2025-02-19,S009,1350,1285,1153,132,6.64,spoilage,0,0,0
2025-02-20,S009,1350,1276,1145,131,6.64,spoilage,0,0,0
2025-02-21,S009,1431,1483,1331,152,6.64,overproduction,0,0,0
2025-02-22,S009,1431,1323,1188,135,6.64,overproduction,0,0,0
2025-02-23,S009,1350,1466,1316,150,6.64,timing_mismatch,0,0,0
2025-02-24,S009,1350,1444,1296,148,6.64,timing_mismatch,0,0,0
2025-02-25,S009,1350,1364,1224,140,6.64,spoilage,0,0,0
2025-02-26,S009,1350,1350,1212,138,6.64,damage,0,0,0
2025-02-27,S009,1350,1278,1147,131,6.64,spoilage,0,0,0
2025-02-28,S009,1431,1448,1300,148,6.64,timing_mismatch,0,0,0
2025-03-01,S009,1431,1369,1229,140,6.64,timing_mismatch,0,0,0
2025-03-02,S009,1350,1336,1199,137,6.64,spoilage,0,0,0
2025-03-03,S009,1350,1272,1109,163,6.64,spoilage,1,0,0
2025-03-04,S009,1350,1330,1187,143,6.64,timing_mismatch,0,1,0
2025-03-05,S009,1350,1319,1184,135,6.64,spoilage,0,0,0
2025-03-06,S009,1350,1370,1199,171,6.64,spoilage,0,0,1
2025-03-07,S009,1431,1360,1221,139,6.64,overproduction,0,0,0
2025-03-08,S009,1431,1417,1221,196,6.64,spoilage,0,0,1
2025-03-09,S009,1350,1311,1177,134,6.64,damage,0,0,0
2025-03-10,S009,1350,1356,1217,139,6.64,timing_mismatch,0,0,0
2025-03-11,S009,1350,1211,1087,124,6.64,timing_mismatch,0,0,0
2025-03-12,S009,1350,1288,1156,132,6.64,spoilage,0,0,0
2025-03-13,S009,1350,1416,1271,145,6.64,overproduction,0,0,0
2025-03-14,S009,1431,1364,1224,140,6.64,overproduction,0,0,0
2025-03-15,S009,1431,1541,1383,158,6.64,damage,0,0,0
2025-03-16,S009,1350,1298,1165,133,6.64,overproduction,0,0,0
2025-03-17,S009,1350,1429,1283,146,6.64,spoilage,0,0,0
2025-03-18,S009,1350,1269,1139,130,6.64,damage,0,0,0
2025-03-19,S009,1350,1237,1088,149,6.64,timing_mismatch,0,1,0
2025-03-20,S009,1350,1265,1135,130,6.64,overproduction,0,0,0
2025-03-21,S009,1431,1457,1308,149,6.64,overproduction,0,0,0
2025-03-22,S009,1431,1398,1255,143,6.64,timing_mismatch,0,0,0
2025-03-23,S009,1350,1341,1204,137,6.64,timing_mismatch,0,0,0
2025-03-24,S009,1350,1282,1134,148,6.64,overproduction,1,0,0
2025-03-25,S009,1350,1387,1245,142,6.64,spoilage,0,0,0
2025-03-26,S009,1350,1332,1196,136,6.64,overproduction,0,0,0
2025-03-27,S009,1350,1391,1249,142,6.64,timing_mismatch,0,0,0
2025-03-28,S009,1431,1355,1216,139,6.64,timing_mismatch,0,0,0
2025-03-29,S009,1431,1460,1311,149,6.64,timing_mismatch,0,0,0
2025-03-30,S009,1350,1235,1061,174,6.64,overproduction,0,0,1
2025-03-31,S009,1350,1291,1159,132,6.64,timing_mismatch,0,0,0
2025-01-01,S010,2064,2099,1880,219,3.11,damage,1,0,0
2025-01-02,S010,2064,2131,1949,182,3.11,timing_mismatch,0,0,0
2025-01-03,S010,2188,2142,1919,223,3.11,timing_mismatch,0,1,0
2025-01-04,S010,2188,2172,1987,185,3.11,damage,0,0,0
2025-01-05,S010,2064,2016,1844,172,3.11,timing_mismatch,0,0,0
2025-01-06,S010,2064,1979,1810,169,3.11,spoilage,0,0,0
2025-01-07,S010,2064,2176,1964,212,3.11,timing_mismatch,1,0,0
2025-01-08,S010,2064,2138,1934,204,3.11,overproduction,1,0,0
2025-01-09,S010,2064,1959,1792,167,3.11,damage,0,0,0
2025-01-10,S010,2188,2216,2027,189,3.11,timing_mismatch,0,0,0
2025-01-11,S010,2188,2131,1949,182,3.11,timing_mismatch,0,0,0
2025-01-12,S010,2064,1849,1691,158,3.11,damage,0,0,0
2025-01-13,S010,2064,2203,2015,188,3.11,damage,0,0,0
2025-01-14,S010,2064,2005,1834,171,3.11,spoilage,0,0,0
2025-01-15,S010,2064,1907,1744,163,3.11,spoilage,0,0,0
2025-01-16,S010,2064,2016,1844,172,3.11,overproduction,0,0,0
2025-01-17,S010,2188,2373,2171,202,3.11,timing_mismatch,0,0,0
2025-01-18,S010,2188,2410,2205,205,3.11,spoilage,0,0,0
2025-01-19,S010,2064,2009,1838,171,3.11,overproduction,0,0,0
2025-01-20,S010,2064,2120,1939,181,3.11,damage,0,0,0
2025-01-21,S010,2064,2009,1769,240,3.11,spoilage,0,0,1
2025-01-22,S010,2064,2096,1917,179,3.11,overproduction,0,0,0
2025-01-23,S010,2064,2069,1840,229,3.11,damage,1,0,0
2025-01-24,S010,2188,2131,1884,247,3.11,damage,1,1,0
2025-01-25,S010,2188,2065,1889,176,3.11,overproduction,0,0,0
2025-01-26,S010,2064,1845,1688,157,3.11,spoilage,0,0,0
2025-01-27,S010,2064,2135,1953,182,3.11,overproduction,0,0,0
2025-01-28,S010,2064,2033,1835,198,3.11,spoilage,1,0,0
2025-01-29,S010,2064,2108,1928,180,3.11,timing_mismatch,0,0,0
2025-01-30,S010,2064,2039,1865,174,3.11,overproduction,0,0,0
2025-01-31,S010,2188,2089,1911,178,3.11,spoilage,0,0,0
2025-02-01,S010,2188,2234,2044,190,3.11,overproduction,0,0,0
2025-02-02,S010,2064,2184,1998,186,3.11,timing_mismatch,0,0,0
2025-02-03,S010,2064,1871,1712,159,3.11,damage,0,0,0
2025-02-04,S010,2064,1791,1638,153,3.11,spoilage,0,0,0
2025-02-05,S010,2064,2305,2109,196,3.11,overproduction,0,0,0
2025-02-06,S010,2064,2017,1845,172,3.11,spoilage,0,0,0
2025-02-07,S010,2188,2212,2023,189,3.11,overproduction,0,0,0
2025-02-08,S010,2188,2221,2032,189,3.11,overproduction,0,0,0
2025-02-09,S010,2064,2058,1883,175,3.11,overproduction,0,0,0
2025-02-10,S010,2064,2221,2032,189,3.11,spoilage,0,0,0
2025-02-11,S010,2064,2241,2050,191,3.11,overproduction,0,0,0
2025-02-12,S010,2064,1957,1790,167,3.11,overproduction,0,0,0
2025-02-13,S010,2064,2207,2019,188,3.11,spoilage,0,0,0
2025-02-14,S010,2188,2284,2089,195,3.11,damage,0,0,0
2025-02-15,S010,2188,2181,1995,186,3.11,overproduction,0,0,0
2025-02-16,S010,2064,2300,2104,196,3.11,overproduction,0,0,0
2025-02-17,S010,2064,1945,1749,196,3.11,timing_mismatch,1,0,0
2025-02-18,S010,2064,1931,1766,165,3.11,damage,0,0,0
2025-02-19,S010,2064,1969,1751,218,3.11,timing_mismatch,1,0,0
2025-02-20,S010,2064,1987,1787,200,3.11,timing_mismatch,1,0,0
2025-02-21,S010,2188,2331,2132,199,3.11,spoilage,0,0,0
2025-02-22,S010,2188,2147,1964,183,3.11,overproduction,0,0,0
2025-02-23,S010,2064,2285,2090,195,3.11,spoilage,0,0,0
2025-02-24,S010,2064,2000,1770,230,3.11,damage,1,0,0
2025-02-25,S010,2064,2092,1914,178,3.11,timing_mismatch,0,0,0
2025-02-26,S010,2064,2117,1937,180,3.11,overproduction,0,0,0
2025-02-27,S010,2064,1944,1778,166,3.11,overproduction,0,0,0
2025-02-28,S010,2188,2220,2031,189,3.11,damage,0,0,0
2025-03-01,S010,2188,2293,2098,195,3.11,timing_mismatch,0,0,0
2025-03-02,S010,2064,1950,1784,166,3.11,overproduction,0,0,0
2025-03-03,S010,2064,1971,1803,168,3.11,spoilage,0,0,0
2025-03-04,S010,2064,2028,1855,173,3.11,overproduction,0,0,0
2025-03-05,S010,2064,2103,1924,179,3.11,overproduction,0,0,0
2025-03-06,S010,2064,2035,1862,173,3.11,damage,0,0,0
2025-03-07,S010,2188,2226,2004,222,3.11,overproduction,1,0,0
2025-03-08,S010,2188,2227,1865,362,3.11,overproduction,1,0,1
2025-03-09,S010,2064,2134,1952,182,3.11,overproduction,0,0,0
2025-03-10,S010,2064,2081,1904,177,3.11,overproduction,0,0,0
2025-03-11,S010,2064,2108,1928,180,3.11,spoilage,0,0,0
2025-03-12,S010,2064,2162,1978,184,3.11,overproduction,0,0,0
2025-03-13,S010,2064,1973,1805,168,3.11,overproduction,0,0,0
2025-03-14,S010,2188,1785,1633,152,3.11,overproduction,0,0,0
2025-03-15,S010,2188,2247,1999,248,3.11,timing_mismatch,1,0,0
2025-03-16,S010,2064,2118,1937,181,3.11,timing_mismatch,0,0,0
2025-03-17,S010,2064,2005,1834,171,3.11,timing_mismatch,0,0,0
2025-03-18,S010,2064,2224,2034,190,3.11,spoilage,0,0,0
2025-03-19,S010,2064,1853,1695,158,3.11,overproduction,0,0,0
2025-03-20,S010,2064,2094,1916,178,3.11,overproduction,0,0,0
2025-03-21,S010,2188,2302,2106,196,3.11,timing_mismatch,0,0,0
2025-03-22,S010,2188,2285,2090,195,3.11,spoilage,0,0,0
2025-03-23,S010,2064,2087,1909,178,3.11,damage,0,0,0
2025-03-24,S010,2064,2076,1853,223,3.11,spoilage,1,0,0
2025-03-25,S010,2064,1716,1570,146,3.11,timing_mismatch,0,0,0
2025-03-26,S010,2064,2059,1884,175,3.11,damage,0,0,0
2025-03-27,S010,2064,1997,1827,170,3.11,overproduction,0,0,0
2025-03-28,S010,2188,1983,1790,193,3.11,overproduction,1,0,0
2025-03-29,S010,2188,2051,1876,175,3.11,spoilage,0,0,0
2025-03-30,S010,2064,2173,1988,185,3.11,spoilage,0,0,0
2025-03-31,S010,2064,1969,1801,168,3.11,overproduction,0,0,0
2025-01-01,S011,1647,1661,1590,71,9.0,overproduction,0,0,0
2025-01-02,S011,1647,1462,1386,76,9.0,timing_mismatch,0,1,0
2025-01-03,S011,1746,1883,1802,81,9.0,timing_mismatch,0,0,0
2025-01-04,S011,1746,1735,1661,74,9.0,damage,0,0,0
2025-01-05,S011,1647,1659,1575,84,9.0,overproduction,0,1,0
2025-01-06,S011,1647,1585,1517,68,9.0,overproduction,0,0,0
2025-01-07,S011,1647,1499,1408,91,9.0,damage,1,0,0
2025-01-08,S011,1647,1574,1507,67,9.0,spoilage,0,0,0
2025-01-09,S011,1647,1754,1618,136,9.0,spoilage,0,0,1
2025-01-10,S011,1746,1822,1744,78,9.0,damage,0,0,0
2025-01-11,S011,1746,1804,1727,77,9.0,damage,0,0,0
2025-01-12,S011,1647,1589,1521,68,9.0,damage,0,0,0
2025-01-13,S011,1647,1662,1591,71,9.0,overproduction,0,0,0
2025-01-14,S011,1647,1671,1600,71,9.0,spoilage,0,0,0
2025-01-15,S011,1647,1615,1546,69,9.0,overproduction,0,0,0
2025-01-16,S011,1647,1609,1540,69,9.0,overproduction,0,0,0
2025-01-17,S011,1746,1741,1667,74,9.0,overproduction,0,0,0
2025-01-18,S011,1746,1726,1652,74,9.0,damage,0,0,0
2025-01-19,S011,1647,1474,1411,63,9.0,spoilage,0,0,0
2025-01-20,S011,1647,1823,1745,78,9.0,spoilage,0,0,0
2025-01-21,S011,1647,1593,1525,68,9.0,overproduction,0,0,0
2025-01-22,S011,1647,1766,1690,76,9.0,overproduction,0,0,0
2025-01-23,S011,1647,1805,1728,77,9.0,overproduction,0,0,0
2025-01-24,S011,1746,1815,1737,78,9.0,overproduction,0,0,0
2025-01-25,S011,1746,1739,1665,74,9.0,timing_mismatch,0,0,0
2025-01-26,S011,1647,1678,1606,72,9.0,timing_mismatch,0,0,0
2025-01-27,S011,1647,1843,1764,79,9.0,damage,0,0,0
2025-01-28,S011,1647,1637,1567,70,9.0,timing_mismatch,0,0,0
2025-01-29,S011,1647,1692,1620,72,9.0,timing_mismatch,0,0,0
2025-01-30,S011,1647,1701,1628,73,9.0,timing_mismatch,0,0,0
2025-01-31,S011,1746,1953,1869,84,9.0,damage,0,0,0
2025-02-01,S011,1746,1705,1632,73,9.0,overproduction,0,0,0
2025-02-02,S011,1647,1833,1755,78,9.0,damage,0,0,0
2025-02-03,S011,1647,1581,1513,68,9.0,timing_mismatch,0,0,0
2025-02-04,S011,1647,1602,1533,69,9.0,damage,0,0,0
2025-02-05,S011,1647,1455,1393,62,9.0,timing_mismatch,0,0,0
2025-02-06,S011,1647,1448,1386,62,9.0,overproduction,0,0,0
2025-02-07,S011,1746,1641,1571,70,9.0,overproduction,0,0,0
2025-02-08,S011,1746,1749,1649,100,9.0,timing_mismatch,0,1,0
2025-02-09,S011,1647,1473,1383,90,9.0,spoilage,1,0,0
2025-02-10,S011,1647,1625,1555,70,9.0,overproduction,0,0,0
2025-02-11,S011,1647,1561,1494,67,9.0,damage,0,0,0
2025-02-12,S011,1647,1656,1585,71,9.0,timing_mismatch,0,0,0
2025-02-13,S011,1647,1544,1478,66,9.0,overproduction,0,0,0
2025-02-14,S011,1746,1631,1561,70,9.0,damage,0,0,0
2025-02-15,S011,1746,1792,1715,77,9.0,damage,0,0,0
2025-02-16,S011,1647,1764,1689,75,9.0,spoilage,0,0,0
2025-02-17,S011,1647,1563,1496,67,9.0,spoilage,0,0,0
2025-02-18,S011,1647,1603,1534,69,9.0,timing_mismatch,0,0,0
2025-02-19,S011,1647,1855,1776,79,9.0,spoilage,0,0,0
2025-02-20,S011,1647,1638,1493,145,9.0,overproduction,0,0,1
2025-02-21,S011,1746,1757,1682,75,9.0,overproduction,0,0,0
2025-02-22,S011,1746,1711,1638,73,9.0,overproduction,0,0,0
2025-02-23,S011,1647,1758,1683,75,9.0,timing_mismatch,0,0,0
2025-02-24,S011,1647,1715,1642,73,9.0,spoilage,0,0,0
2025-02-25,S011,1647,1581,1513,68,9.0,spoilage,0,0,0
2025-02-26,S011,1647,1566,1488,78,9.0,timing_mismatch,0,1,0
2025-02-27,S011,1647,1682,1610,72,9.0,spoilage,0,0,0
2025-02-28,S011,1746,1738,1664,74,9.0,timing_mismatch,0,0,0
2025-03-01,S011,1746,1523,1458,65,9.0,damage,0,0,0
2025-03-02,S011,1647,1672,1600,72,9.0,timing_mismatch,0,0,0
2025-03-03,S011,1647,1537,1471,66,9.0,overproduction,0,0,0
2025-03-04,S011,1647,1745,1670,75,9.0,timing_mismatch,0,0,0
2025-03-05,S011,1647,1703,1630,73,9.0,timing_mismatch,0,0,0
2025-03-06,S011,1647,1478,1349,129,9.0,spoilage,0,0,1
2025-03-07,S011,1746,1694,1622,72,9.0,overproduction,0,0,0
2025-03-08,S011,1746,1675,1603,72,9.0,timing_mismatch,0,0,0
2025-03-09,S011,1647,1652,1581,71,9.0,damage,0,0,0
2025-03-10,S011,1647,1689,1617,72,9.0,overproduction,0,0,0
2025-03-11,S011,1647,1566,1499,67,9.0,overproduction,0,0,0
2025-03-12,S011,1647,1812,1734,78,9.0,overproduction,0,0,0
2025-03-13,S011,1647,1529,1431,98,9.0,spoilage,1,0,0
2025-03-14,S011,1746,1701,1628,73,9.0,spoilage,0,0,0
2025-03-15,S011,1746,1548,1482,66,9.0,spoilage,0,0,0
2025-03-16,S011,1647,1747,1606,141,9.0,spoilage,0,0,1
2025-03-17,S011,1647,1648,1577,71,9.0,spoilage,0,0,0
2025-03-18,S011,1647,1783,1707,76,9.0,overproduction,0,0,0
2025-03-19,S011,1647,1748,1673,75,9.0,overproduction,0,0,0
2025-03-20,S011,1647,1510,1426,84,9.0,timing_mismatch,0,1,0
2025-03-21,S011,1746,1637,1558,79,9.0,damage,0,1,0
2025-03-22,S011,1746,1675,1603,72,9.0,overproduction,0,0,0
2025-03-23,S011,1647,1620,1551,69,9.0,overproduction,0,0,0
2025-03-24,S011,1647,1731,1657,74,9.0,overproduction,0,0,0
2025-03-25,S011,1647,1625,1478,147,9.0,overproduction,0,0,1
2025-03-26,S011,1647,1848,1717,131,9.0,spoilage,1,0,0
2025-03-27,S011,1647,1622,1514,108,9.0,overproduction,0,0,1
2025-03-28,S011,1746,1914,1832,82,9.0,spoilage,0,0,0
2025-03-29,S011,1746,1654,1552,102,9.0,spoilage,0,1,0
2025-03-30,S011,1647,1726,1652,74,9.0,overproduction,0,0,0
2025-03-31,S011,1647,1577,1510,67,9.0,overproduction,0,0,0
2025-01-01,S012,2064,2123,2025,98,6.97,spoilage,0,0,0
2025-01-02,S012,2064,2065,1913,152,6.97,damage,1,0,0
2025-01-03,S012,2188,2249,2145,104,6.97,spoilage,0,0,0
2025-01-04,S012,2188,2124,2026,98,6.97,overproduction,0,0,0
2025-01-05,S012,2064,1970,1879,91,6.97,timing_mismatch,0,0,0
2025-01-06,S012,2064,2070,1975,95,6.97,spoilage,0,0,0
2025-01-07,S012,2064,2125,2027,98,6.97,overproduction,0,0,0
2025-01-08,S012,2064,2264,2160,104,6.97,damage,0,0,0
2025-01-09,S012,2064,1928,1839,89,6.97,spoilage,0,0,0
2025-01-10,S012,2188,2131,2033,98,6.97,timing_mismatch,0,0,0
2025-01-11,S012,2188,2371,2262,109,6.97,damage,0,0,0
2025-01-12,S012,2064,2057,1859,198,6.97,spoilage,0,0,1
2025-01-13,S012,2064,2064,1969,95,6.97,damage,0,0,0
2025-01-14,S012,2064,2105,2008,97,6.97,spoilage,0,0,0
2025-01-15,S012,2064,1919,1830,89,6.97,overproduction,0,0,0
2025-01-16,S012,2064,1948,1858,90,6.97,spoilage,0,0,0
2025-01-17,S012,2188,2057,1962,95,6.97,overproduction,0,0,0
2025-01-18,S012,2188,2116,2018,98,6.97,timing_mismatch,0,0,0
2025-01-19,S012,2064,2212,2110,102,6.97,spoilage,0,0,0
2025-01-20,S012,2064,2232,2129,103,6.97,damage,0,0,0
2025-01-21,S012,2064,2030,1936,94,6.97,damage,0,0,0
2025-01-22,S012,2064,1997,1905,92,6.97,overproduction,0,0,0
2025-01-23,S012,2064,2106,2009,97,6.97,timing_mismatch,0,0,0
2025-01-24,S012,2188,2292,2186,106,6.97,timing_mismatch,0,0,0
2025-01-25,S012,2188,2158,2058,100,6.97,spoilage,0,0,0
2025-01-26,S012,2064,2241,2138,103,6.97,overproduction,0,0,0
2025-01-27,S012,2064,2124,2026,98,6.97,overproduction,0,0,0
2025-01-28,S012,2064,2176,2076,100,6.97,spoilage,0,0,0
2025-01-29,S012,2064,1877,1790,87,6.97,spoilage,0,0,0
2025-01-30,S012,2064,2201,2099,102,6.97,damage,0,0,0
2025-01-31,S012,2188,2204,2074,130,6.97,damage,1,0,0
2025-02-01,S012,2188,2057,1962,95,6.97,timing_mismatch,0,0,0
2025-02-02,S012,2064,1969,1878,91,6.97,damage,0,0,0
2025-02-03,S012,2064,1952,1841,111,6.97,damage,0,1,0
2025-02-04,S012,2064,1873,1754,119,6.97,timing_mismatch,0,1,0
2025-02-05,S012,2064,2081,1985,96,6.97,spoilage,0,0,0
2025-02-06,S012,2064,1936,1847,89,6.97,timing_mismatch,0,0,0
2025-02-07,S012,2188,2288,2182,106,6.97,damage,0,0,0
2025-02-08,S012,2188,1988,1896,92,6.97,spoilage,0,0,0
2025-02-09,S012,2064,2186,2044,142,6.97,damage,0,1,0
2025-02-10,S012,2064,2273,2168,105,6.97,damage,0,0,0
2025-02-11,S012,2064,2103,2006,97,6.97,timing_mismatch,0,0,0
2025-02-12,S012,2064,1814,1730,84,6.97,damage,0,0,0
2025-02-13,S012,2064,2126,2001,125,6.97,overproduction,1,0,0
2025-02-14,S012,2188,2162,2062,100,6.97,overproduction,0,0,0
2025-02-15,S012,2188,2132,2034,98,6.97,timing_mismatch,0,0,0
2025-02-16,S012,2064,2024,1931,93,6.97,damage,0,0,0
2025-02-17,S012,2064,2065,1970,95,6.97,timing_mismatch,0,0,0
2025-02-18,S012,2064,1810,1714,96,6.97,timing_mismatch,0,1,0
2025-02-19,S012,2064,2033,1939,94,6.97,damage,0,0,0
2025-02-20,S012,2064,2111,2014,97,6.97,overproduction,0,0,0
2025-02-21,S012,2188,2066,1971,95,6.97,overproduction,0,0,0
2025-02-22,S012,2188,2104,2007,97,6.97,damage,0,0,0
2025-02-23,S012,2064,2210,2108,102,6.97,overproduction,0,0,0
2025-02-24,S012,2064,1900,1812,88,6.97,damage,0,0,0
2025-02-25,S012,2064,2068,1973,95,6.97,timing_mismatch,0,0,0
2025-02-26,S012,2064,1998,1906,92,6.97,overproduction,0,0,0
2025-02-27,S012,2064,2183,2082,101,6.97,overproduction,0,0,0
2025-02-28,S012,2188,2165,2005,160,6.97,spoilage,1,0,0
2025-03-01,S012,2188,2320,2213,107,6.97,overproduction,0,0,0
2025-03-02,S012,2064,2190,2089,101,6.97,damage,0,0,0
2025-03-03,S012,2064,2104,2007,97,6.97,overproduction,0,0,0
2025-03-04,S012,2064,2057,1962,95,6.97,timing_mismatch,0,0,0
2025-03-05,S012,2064,2224,2121,103,6.97,overproduction,0,0,0
2025-03-06,S012,2064,1936,1847,89,6.97,spoilage,0,0,0
2025-03-07,S012,2188,2270,2165,105,6.97,damage,0,0,0
2025-03-08,S012,2188,1920,1810,110,6.97,damage,0,1,0
2025-03-09,S012,2064,2027,1934,93,6.97,timing_mismatch,0,0,0
2025-03-10,S012,2064,1933,1844,89,6.97,spoilage,0,0,0
2025-03-11,S012,2064,1950,1832,118,6.97,overproduction,0,1,0
2025-03-12,S012,2064,1977,1886,91,6.97,spoilage,0,0,0
2025-03-13,S012,2064,2038,1944,94,6.97,damage,0,0,0
2025-03-14,S012,2188,2265,2161,104,6.97,spoilage,0,0,0
2025-03-15,S012,2188,2045,1951,94,6.97,damage,0,0,0
2025-03-16,S012,2064,1912,1824,88,6.97,overproduction,0,0,0
2025-03-17,S012,2064,1873,1787,86,6.97,overproduction,0,0,0
2025-03-18,S012,2064,2241,2138,103,6.97,spoilage,0,0,0
2025-03-19,S012,2064,1964,1873,91,6.97,damage,0,0,0
2025-03-20,S012,2064,2091,1995,96,6.97,spoilage,0,0,0
2025-03-21,S012,2188,2182,2081,101,6.97,timing_mismatch,0,0,0
2025-03-22,S012,2188,1898,1810,88,6.97,overproduction,0,0,0
2025-03-23,S012,2064,2139,2040,99,6.97,spoilage,0,0,0
2025-03-24,S012,2064,2186,2085,101,6.97,overproduction,0,0,0
2025-03-25,S012,2064,2133,1979,154,6.97,damage,0,0,1
2025-03-26,S012,2064,1992,1900,92,6.97,timing_mismatch,0,0,0
2025-03-27,S012,2064,2119,2021,98,6.97,timing_mismatch,0,0,0
2025-03-28,S012,2188,2029,1884,145,6.97,damage,1,0,0
2025-03-29,S012,2188,2270,2165,105,6.97,damage,0,0,0
2025-03-30,S012,2064,1959,1869,90,6.97,overproduction,0,0,0
2025-03-31,S012,2064,1933,1844,89,6.97,overproduction,0,0,0
